{
  "$schema": "./node_modules/@angular/cli/lib/config/schema.json",
  "project": {
    "name": "visit-manager"
  },
  "apps": [{
    "root": "src",
    "outDir": "www",
    "assets": [
      "resources",
      "favicon.ico"
    ],
    "index": "index.html",
    "main": "main.ts",
    "polyfills": "polyfills.ts",
    "test": "test.ts",
    "tsconfig": "tsconfig.app.json",
    "testTsconfig": "tsconfig.spec.json",
    "prefix": "app",
    "styles": [
      "app/lib/bootstrap-4.0.0-alpha/css/bootstrap.min.css"
    ],
    "scripts": [
      "app/lib/hammerJs/hammer.js"
    ],
    "environmentSource": "environments/environment.ts",
    "environments": {
      "dev": "environments/environment.ts",
      "prod": "environments/environment.prod.ts"
    }
  }],
  "e2e": {
    "protractor": {
      "config": "./protractor.conf.js"
    }
  },
  "lint": [{
    "project": "src/tsconfig.app.json"
  }, {
    "project": "src/tsconfig.spec.json"
  }, {
    "project": "e2e/tsconfig.e2e.json"
  }],
  "test": {
    "karma": {
      "config": "./karma.conf.js"
    }
  },
  "defaults": {
    "styleExt": "scss",
    "component": {}
  }
}